pid,popularity_score
POST00003945,6.6077768
POST00004002,9.433882432
POST00004003,5.61174521
POST00004004,10.00524231
POST00004005,9.389373895
POST00004006,7.466190154
POST00004007,9.01457488
POST00004008,8.01060126
POST00004009,10.45232454
POST00004010,8.98603347
POST00004011,11.00859823
POST00004012,9.69730765
POST00004013,9.995964293
POST00004014,6.60187262
POST00004015,9.780161239
POST00004016,9.383562991
POST00004017,9.99832461
POST00004018,10.19818091
POST00004019,10.99480993
POST00004020,10.41237218
POST00004021,9.823381055
POST00004022,9.577278808
POST00004023,5.99939742
POST00004024,9.693116539
POST00004025,6.964928905
POST00004026,9.939947927
POST00004027,9.62493542
POST00004028,9.968774709
POST00004029,3.49195017
POST00004030,6.58572443
POST00004031,5.70321009
POST00004032,6.61068458
POST00004033,10.39273221
POST00004034,8.39930076
POST00004035,9.61012117
POST00004036,10.01965514
POST00004037,9.899188871
POST00004038,5.0009367
POST00004039,10.01406462
POST00004040,10.10843743
POST00004041,6.800421148
POST00004042,10.48989634
POST00004043,8.642707139
POST00004044,9.796371553
POST00004045,9.752483514
POST00004046,8.534869798
POST00004047,9.38584012
POST00004048,10.48998206
POST00004049,9.311881203
POST00004050,10.00373388
POST00004051,9.691079275
POST00004052,9.758736078
POST00004053,10.3960467
POST00004054,4.51427762
POST00004055,10.99742841
POST00004056,10.51289064
POST00004057,9.945912093
POST00004058,4.49849501
POST00004059,9.933175201
POST00004060,11.0138147
POST00004061,12.5067784
POST00004062,8.742395864
POST00004063,9.972181913
POST00004064,10.48706132
POST00004065,10.39166834
POST00004066,10.16740731
POST00004067,9.99116728
POST00004068,9.64604946
POST00004069,9.98972451
POST00004070,6.31493903
POST00004071,11.01043553
POST00004072,10.00950845
POST00004073,10.04345786
POST00004074,6.00169891
POST00004075,9.776060251
POST00004076,10.15662476
POST00004077,8.18602354
POST00004078,10.05917978
POST00004079,8.686806894
POST00004080,9.458401547
POST00004081,9.99896388
POST00004082,6.70510312
POST00004083,9.049142331
POST00004084,10.00412091
POST00004085,10.69777194
POST00004086,10.19408207
POST00004087,10.59227318
POST00004088,10.08864488
POST00004089,10.28878345
POST00004090,10.41398949
POST00004091,9.078564686
POST00004092,10.03287602
POST00004093,7.793960543
POST00004094,9.101306603
POST00004095,5.71454136
POST00004096,7.082663661
POST00004097,9.98907606
POST00004098,9.593817366
POST00004099,7.30467523
POST00004100,11.00805126
POST00004101,12.00125303
POST00004102,10.50955378
POST00004103,9.40352009
POST00004104,10.02013291
POST00004105,10.29855756
POST00004106,5.80147886
POST00004107,5.9972286
POST00004108,10.1202408
POST00004109,10.54996397
POST00004110,8.316371041
POST00004111,10.02940212
POST00004112,9.945904354
POST00004113,9.391813041
POST00004114,11.01095303
POST00004115,9.072719535
POST00004116,9.76876872
POST00004117,10.68653717
POST00004118,10.44896764
POST00004119,9.422287551
POST00004120,11.00798229
POST00004121,10.07760629
POST00004122,10.1272785
POST00004123,9.69517222
POST00004124,11.013557
POST00004125,5.08937628
POST00004126,9.14933619
POST00004127,8.061854218
POST00004128,11.99929511
POST00004129,2.09246248
POST00004130,10.38440377
POST00004131,10.8144311
POST00004132,6.913409288
POST00004133,6.70655365
POST00004134,10.62418418
POST00004135,9.796437345
POST00004136,9.771500541
POST00004137,9.868473355
POST00004138,10.99038537
POST00004139,10.51187475
POST00004140,9.755956385
POST00004141,9.673965955
POST00004142,8.89782097
POST00004143,6.29510839
POST00004144,2.68623598
POST00004145,9.082606167
POST00004146,9.00056809
POST00004147,10.30135712
POST00004148,8.175128707
POST00004149,10.35842425
POST00004150,11.99143954
POST00004151,2.70874582
POST00004152,10.69591961
POST00004153,10.40687178
POST00004154,9.104129843
POST00004155,6.29396455
POST00004156,8.61026521
POST00004157,9.654894948
POST00004158,10.58309921
POST00004159,8.92206612
POST00004160,10.36387823
POST00004161,10.31273573
POST00004162,2.09334572
POST00004163,4.29556395
POST00004164,11.51268122
POST00004165,7.4878816
POST00004166,9.79470775
POST00004167,10.1991751
POST00004168,6.19861817
POST00004169,5.58597308
POST00004170,9.712378676
POST00004171,9.89474855
POST00004172,10.99153385
POST00004173,9.704601088
POST00004174,8.325935176
POST00004175,10.5482309
POST00004176,8.00242613
POST00004177,11.00506051
POST00004178,6.001420464
POST00004179,4.38670568
POST00004180,8.59364389
POST00004181,10.21128001
POST00004182,10.28854127
POST00004183,2.40262415
POST00004184,10.0978269
POST00004185,9.957843144
POST00004186,9.610657292
POST00004187,10.0978934
POST00004188,10.49387784
POST00004189,10.99859052
POST00004190,10.28564611
POST00004191,9.667609719
POST00004192,9.117227389
POST00004193,4.49181784
POST00004194,9.91305623
POST00004195,9.259395366
POST00004196,10.07843216
POST00004197,9.198812723
POST00004198,10.39482083
POST00004199,10.40471325
POST00004200,9.58532154
POST00004201,9.77358765
POST00004202,9.6135174
POST00004203,10.60443029
POST00004204,9.98917135
POST00004205,9.298503117
POST00004206,10.50182867
POST00004207,2.2098915
POST00004208,10.60379518
POST00004209,2.7085769
POST00004210,9.979965004
POST00004211,8.234576788
POST00004212,10.62035619
POST00004213,10.11037908
POST00004214,9.94703449
POST00004215,8.59903029
POST00004216,3.49245847
POST00004217,10.13331927
POST00004218,10.99276523
POST00004219,8.77747998
POST00004220,6.78505795
POST00004221,10.04369055
POST00004222,8.495314448
POST00004223,9.00835967
POST00004224,9.096294585
POST00004225,13.48810048
POST00004226,8.01426532
POST00004227,8.39169605
POST00004228,8.948265168
POST00004229,10.74907697
POST00004230,9.53139512
POST00004231,9.971516483
POST00004232,10.45125144
POST00004233,8.624103721
POST00004234,9.40525663
POST00004235,6.69063585
POST00004236,9.579115382
POST00004237,8.575844701
POST00004238,9.587136054
POST00004239,7.01403516
POST00004240,10.10818213
POST00004241,10.9863233
POST00004242,9.555312933
POST00004243,10.28569016
POST00004244,10.9928041
POST00004245,9.813875433
POST00004246,9.817058894
POST00004247,9.696680449
POST00004248,10.1561842
POST00004249,10.47837714
POST00004250,9.443468725
POST00004251,9.671111589
POST00004252,8.883393994
POST00004253,11.49280777
POST00004254,9.362571685
POST00004255,9.399156686
POST00004256,11.98791511
POST00004257,11.50072691
POST00004258,3.01242377
POST00004259,3.51450479
POST00004260,8.733963979
POST00004261,9.61394711
POST00004262,9.742588218
POST00004263,10.30059809
POST00004264,8.20592535
POST00004265,11.00978171
POST00004266,10.99497994
POST00004267,9.59550637
POST00004268,8.714901654
POST00004269,8.676079632
POST00004270,4.08744715
POST00004271,6.31311282
POST00004272,9.48543546
POST00004273,5.00884218
POST00004274,10.3101592
POST00004275,9.9955459
POST00004276,11.99899398
POST00004277,10.14962433
POST00004278,9.526885147
POST00004279,9.29390458
POST00004280,9.413385276
POST00004281,9.012376036
POST00004282,9.825019685
POST00004283,7.5981177
POST00004284,10.06993648
POST00004285,10.09993558
POST00004286,10.70921125
POST00004287,10.69476204
POST00004288,9.761311967
POST00004289,10.01202471
POST00004290,10.39861481
POST00004291,9.928878797
POST00004292,10.01075205
POST00004293,5.49376411
POST00004294,10.99898691
POST00004295,8.943791668
POST00004296,9.855080609
POST00004297,9.282609225
POST00004298,10.65954675
POST00004299,9.87309399
POST00004300,9.086770748
POST00004301,8.682418456
POST00004302,10.7003268
POST00004303,9.483910841
POST00004304,11.49216149
POST00004305,5.09655094
POST00004306,9.70593289
POST00004307,4.28965075
POST00004308,9.58775472
POST00004309,10.06341347
POST00004310,4.20436478
POST00004311,2.68903857
POST00004312,2.70448433
POST00004313,10.25908425
POST00004314,8.550965518
POST00004315,9.39559841
POST00004316,10.3289965
POST00004317,9.836301069
POST00004318,9.780430701
POST00004319,10.78519379
POST00004320,7.98570296
POST00004321,10.5175894
POST00004322,5.09872277
POST00004323,10.60724786
POST00004324,9.895799177
POST00004325,11.99768227
POST00004326,10.18744989
POST00004327,9.500585211
POST00004328,9.985961759
POST00004329,9.833764682
POST00004330,10.01027417
POST00004331,6.69689879
POST00004332,10.68871074
POST00004333,8.217281163
POST00004334,9.660008391
POST00004335,9.011921431
POST00004336,9.645270376
POST00004337,10.99776314
POST00004338,10.39232056
POST00004339,8.89574823
POST00004340,9.11592524
POST00004341,10.11419347
POST00004342,2.99456624
POST00004343,9.80942002
POST00004344,6.40218545
POST00004345,9.903108057
POST00004346,10.78875099
POST00004347,10.50543587
POST00004348,10.10995021
POST00004349,9.712376875
POST00004350,8.646527069
POST00004351,11.99703343
POST00004352,8.536648997
POST00004353,9.655813797
POST00004354,10.99120521
POST00004355,9.392411051
POST00004356,10.5269068
POST00004357,9.856843012
POST00004358,8.507819757
POST00004359,8.28545935
POST00004360,8.599895673
POST00004361,8.201463375
POST00004362,8.88157611
POST00004363,10.38295154
POST00004364,10.99444569
POST00004365,9.75891579
POST00004366,10.98686876
POST00004367,10.04708721
POST00004368,11.00421695
POST00004369,9.52096497
POST00004370,10.3389182
POST00004371,10.60150956
POST00004372,10.57467364
POST00004373,10.2465882
POST00004374,7.98973261
POST00004375,7.56572014
POST00004376,11.99438304
POST00004377,8.685227728
POST00004378,10.30045237
POST00004379,10.01738961
POST00004380,9.817852943
POST00004381,9.569333766
POST00004382,10.06549867
POST00004383,6.576939301
POST00004384,4.49006678
POST00004385,9.695088032
POST00004386,8.00571569
POST00004387,9.276522108
POST00004388,9.136616671
POST00004389,4.09094738
POST00004390,10.25013511
POST00004391,10.07156113
POST00004392,10.03026033
POST00004393,9.69207428
POST00004394,9.969900013
POST00004395,9.498720286
POST00004396,8.986496982
POST00004397,9.832609548
POST00004398,10.60259915
POST00004399,10.30531032
POST00004400,9.248708629
POST00004401,11.00653443
POST00004402,10.40175525
POST00004403,9.875490953
POST00004404,10.60619726
POST00004405,6.20255584
POST00004406,9.244611897
POST00004407,10.48543399
POST00004408,9.914480974
POST00004409,10.56970186
POST00004410,10.40923455
POST00004411,11.00101903
POST00004412,10.59191981
POST00004413,11.00155516
POST00004414,10.37675224
POST00004415,6.99736419
POST00004416,10.00024743
POST00004417,4.48950568
POST00004418,8.19703311
POST00004419,8.19043388
POST00004420,9.726600045
POST00004421,9.61317343
POST00004422,10.25597501
POST00004423,9.98882413
POST00004424,10.04368049
POST00004425,9.95217862
POST00004426,8.628785632
POST00004427,9.257634332
POST00004428,9.28442805
POST00004429,9.440074891
POST00004430,11.50897126
POST00004431,6.731343607
POST00004432,9.80680647
POST00004433,9.088613073
POST00004434,10.29588153
POST00004435,10.05767907
POST00004436,9.580149568
POST00004437,9.40024555
POST00004438,9.811378567
POST00004439,7.01485077
POST00004440,9.976459456
POST00004441,5.98749377
POST00004442,9.907760505
POST00004443,10.99633503
POST00004444,9.580338685
POST00004445,9.580106581
POST00004446,9.98641276
POST00004447,6.49291902
POST00004448,10.99210912
POST00004449,9.24138278
POST00004450,7.039711197
POST00004451,10.79550032
POST00004452,9.65785646
POST00004453,10.39947562
POST00004454,10.29811681
POST00004455,10.31350469
POST00004456,6.744665648
POST00004457,9.835824043
POST00004458,9.601665862
POST00004459,10.30110811
POST00004460,8.956482941
POST00004461,8.896902167
POST00004462,9.60909977
POST00004463,11.01393048
POST00004464,9.99480551
POST00004465,9.79227096
POST00004466,9.962187829
POST00004467,10.32221428
POST00004468,10.49929265
POST00004469,10.33469033
POST00004470,9.641012741
POST00004471,10.99503891
POST00004472,10.99763756
POST00004473,10.53688093
POST00004474,10.38083933
POST00004475,10.39842759
POST00004476,10.1728766
POST00004477,10.99702343
POST00004478,9.957803655
POST00004479,10.70237491
POST00004480,10.99946303
POST00004481,9.761989401
POST00004482,10.6268409
POST00004483,11.01146146
POST00004484,5.10873676
POST00004485,10.49181106
POST00004486,8.766633922
POST00004487,6.647296271
POST00004488,11.003539
POST00004489,10.30672935
POST00004490,10.50061871
POST00004491,10.60132947
POST00004492,9.853802055
POST00004493,10.65936453
POST00004494,10.52536655
POST00004495,9.513495165
POST00004496,10.39759713
POST00004497,10.30348963
POST00004498,8.4497878
POST00004499,9.240110697
POST00004500,10.68827557
POST00004501,9.8888795
POST00004502,9.023188215
POST00004503,9.28301886
POST00004504,9.79084301
POST00004505,8.995459972
POST00004506,8.625029426
POST00004507,10.16239675
POST00004508,9.850607217
POST00004509,8.64704024
POST00004510,10.33099475
POST00004511,10.00015145
POST00004512,9.54692123
POST00004513,10.34765429
POST00004514,10.0506628
POST00004515,2.40512984
POST00004516,9.572487602
POST00004517,8.183188932
POST00004518,10.70630215
POST00004519,9.695239693
POST00004520,10.48641632
POST00004521,9.443008662
POST00004522,10.50006971
POST00004523,8.853068547
POST00004524,9.934008925
POST00004525,7.647211385
POST00004526,10.33464432
POST00004527,4.10310282
POST00004528,11.00898022
POST00004529,7.99307238
POST00004530,9.993711727
POST00004531,9.680005463
POST00004532,9.980491362
POST00004533,6.99103572
POST00004534,10.12248764
POST00004535,10.80024803
POST00004536,10.01777742
POST00004537,10.4790803
POST00004538,9.51204109
POST00004539,9.194953091
POST00004540,9.071588845
POST00004541,9.566783307
POST00004542,6.49672601
POST00004543,9.801401416
POST00004544,8.270607664
POST00004545,11.01018383
POST00004546,9.6132355
POST00004547,9.275693708
POST00004548,10.62811695
POST00004549,9.207415809
POST00004550,10.03640313
POST00004551,10.99132979
POST00004552,11.87190576
POST00004553,9.880069427
POST00004554,11.00524463
POST00004555,9.682551824
POST00004556,9.720568116
POST00004557,9.877373554
POST00004558,9.649494067
POST00004559,9.411393301
POST00004560,9.115928515
POST00004561,9.455764689
POST00004562,11.0068197
POST00004563,2.00637321
POST00004564,9.838616553
POST00004565,11.50928653
POST00004566,9.648448246
POST00004567,11.50702947
POST00004568,10.01101904
POST00004569,9.99269336
POST00004570,8.40439624
POST00004571,9.832071318
POST00004572,10.35540753
POST00004573,9.829136772
POST00004574,4.50408747
POST00004575,9.487765844
POST00004576,9.39931448
POST00004577,9.627364968
POST00004578,9.832774019
POST00004579,9.864380857
POST00004580,9.80805765
POST00004581,9.994449054
POST00004582,9.26957841
POST00004583,9.234825389
POST00004584,9.961299496
POST00004585,9.853598396
POST00004586,9.5961684
POST00004587,10.16765717
POST00004588,10.99449635
POST00004589,10.48923678
POST00004590,7.03136036
POST00004591,10.22216326
POST00004592,9.733822137
POST00004593,2.89815265
POST00004594,9.734268915
POST00004595,10.29705206
POST00004596,8.25878785
POST00004597,10.44718163
POST00004598,4.08847658
POST00004599,11.0074501
POST00004600,6.442636104
POST00004601,9.739979686
POST00004602,10.06981198
POST00004603,8.62131453
POST00004604,10.32689679
POST00004605,5.7917611
POST00004606,9.6103825
POST00004607,10.99969823
POST00004608,10.56563455
POST00004609,10.39840936
POST00004610,10.50555259
POST00004611,10.70507758
POST00004612,6.01142001
POST00004613,10.00436673
POST00004614,9.806267865
POST00004615,5.08819436
POST00004616,10.50008129
POST00004617,12.21428901
POST00004618,9.591736344
POST00004619,10.04232716
POST00004620,8.949508865
POST00004621,9.825444731
POST00004622,5.60969566
POST00004623,11.01090331
POST00004624,8.5106786
POST00004625,10.70460011
POST00004626,9.725532854
POST00004627,4.48892564
POST00004628,9.65204129
POST00004629,10.01406123
POST00004630,9.308878375
POST00004631,10.46213327
POST00004632,11.50467193
POST00004633,10.57777341
POST00004634,9.624060564
POST00004635,9.970981696
POST00004636,10.37851932
POST00004637,4.6973224
POST00004638,9.978270691
POST00004639,10.61277845
POST00004640,9.155690116
POST00004641,10.31494295
POST00004642,10.48600693
POST00004643,10.24461141
POST00004644,10.22829626
POST00004645,10.62735343
POST00004646,9.99176355
POST00004647,10.50062854
POST00004648,8.296959003
POST00004649,9.948504722
POST00004650,9.80381634
POST00004651,10.98831943
POST00004652,10.00338701
POST00004653,5.00769717
POST00004654,9.318678976
POST00004655,9.347847945
POST00004656,9.846324709
POST00004657,10.50276294
POST00004658,9.365805538
POST00004659,9.97866309
POST00004660,9.99952213
POST00004661,11.99879597
POST00004662,4.50984844
POST00004663,9.931354459
POST00004664,8.771036341
POST00004665,10.54505655
POST00004666,9.280294682
POST00004667,10.05593109
POST00004668,7.99399163
POST00004669,10.231223
POST00004670,10.90360331
POST00004671,10.30904636
POST00004672,9.871099768
POST00004673,8.612037576
POST00004674,10.29536085
POST00004675,9.97873287
POST00004676,10.18967125
POST00004677,9.898892791
POST00004678,8.272285334
POST00004679,10.0095082
POST00004680,10.41010542
POST00004681,10.99461345
POST00004682,9.691180029
POST00004683,10.99142003
POST00004684,9.59677936
POST00004685,4.09646031
POST00004686,8.19084284
POST00004687,6.20276644
POST00004688,10.24447922
POST00004689,10.5359844
POST00004690,9.366501736
POST00004691,11.48653936
POST00004692,10.62838014
POST00004693,11.00838054
POST00004694,10.70092755
POST00004695,9.983652634
POST00004696,10.91444932
POST00004697,10.02103564
POST00004698,10.02191876
POST00004699,10.605809
POST00004700,10.80976075
POST00004701,9.684750021
POST00004702,5.70976526
POST00004703,9.980299374
POST00004704,8.19513045
POST00004705,9.3970166
POST00004706,9.505078775
POST00004707,9.7865645
POST00004708,10.02727935
POST00004709,9.673753889
POST00004710,10.70566644
POST00004711,6.49736606
POST00004712,10.06921855
POST00004713,9.680638685
POST00004714,11.00569779
POST00004715,9.70754973
POST00004716,9.667989001
POST00004717,9.570178275
POST00004718,6.58845795
POST00004719,10.55884861
POST00004720,2.20998696
POST00004721,9.267037283
POST00004722,10.00334483
POST00004723,9.177695018
POST00004724,9.595802326
POST00004725,9.925203663
POST00004726,10.20453334
POST00004727,12.11499662
POST00004728,8.295676516
POST00004729,9.339453466
POST00004730,11.00109463
POST00004731,10.50365335
POST00004732,10.31138164
POST00004733,10.29306564
POST00004734,9.841231887
POST00004735,10.29847981
POST00004736,9.48119157
POST00004737,11.00345804
POST00004738,9.928014824
POST00004739,6.70247646
POST00004740,10.08334232
POST00004741,9.685753744
POST00004742,8.892109983
POST00004743,9.673119119
POST00004744,10.2394143
POST00004745,9.591458861
POST00004746,5.99465439
POST00004747,10.19893952
POST00004748,7.063456091
POST00004749,10.37301971
POST00004750,10.65246001
POST00004751,9.559646262
POST00004752,10.00250723
POST00004753,8.30820015
POST00004754,10.8004593
POST00004755,8.180323505
POST00004756,10.71358577
POST00004757,10.61375817
POST00004758,8.785035192
POST00004759,10.71303434
POST00004760,9.98883348
POST00004761,10.57952689
POST00004762,10.70353738
POST00004763,10.99799711
POST00004764,9.444767416
POST00004765,8.71068316
POST00004766,6.518599582
POST00004767,9.737622451
POST00004768,9.824588824
POST00004769,10.29189777
POST00004770,11.49390353
POST00004771,10.70577552
POST00004772,10.99328217
POST00004773,9.98539154
POST00004774,8.59960213
POST00004775,8.069431349
POST00004776,9.988355703
POST00004777,4.69450437
POST00004778,10.0094759
POST00004779,5.10446338
POST00004780,10.58621009
POST00004781,10.01175278
POST00004782,10.50446354
POST00004783,10.01063649
POST00004784,3.00543182
POST00004785,10.13741219
POST00004786,9.481659275
POST00004787,4.71074197
POST00004788,10.2853276
POST00004789,11.50645449
POST00004790,10.13717599
POST00004791,8.684807245
POST00004792,9.590014172
POST00004793,10.262006
POST00004794,8.767437352
POST00004795,9.819384032
POST00004796,10.04488458
POST00004797,9.598618414
POST00004798,10.51000489
POST00004799,10.19638533
POST00004800,9.802534007
POST00004801,11.00407224
POST00004802,10.20785397
POST00004803,10.01176421
POST00004804,10.70854115
POST00004805,10.29710402
POST00004806,8.926503782
POST00004807,10.32112731
POST00004808,9.478349799
POST00004809,9.186266301
POST00004810,10.40550451
POST00004811,10.99812211
POST00004812,10.13737317
POST00004813,9.5936301
POST00004814,2.91317858
POST00004815,3.0050303
POST00004816,6.809413344
POST00004817,11.01210456
POST00004818,10.23481113
POST00004819,8.25546321
POST00004820,10.5114414
POST00004821,10.39747502
POST00004822,10.10809769
POST00004823,10.60241409
POST00004824,10.52437294
POST00004825,11.98901945
POST00004826,9.58554584
POST00004827,10.44872289
POST00004828,9.97854948
POST00004829,10.99913863
POST00004830,10.39246773
POST00004831,8.843764207
POST00004832,8.59474537
POST00004833,9.39942691
POST00004834,9.668855871
POST00004835,9.792641373
POST00004836,10.3951991
POST00004837,8.991928597
POST00004838,9.60996511
POST00004839,9.885193792
POST00004840,10.38426456
POST00004841,10.50554273
POST00004842,9.771315212
POST00004843,6.99718407
POST00004844,10.41020363
POST00004845,10.16695023
POST00004846,10.51393736
POST00004847,9.474971197
POST00004848,9.98530055
POST00004849,10.15868103
POST00004850,10.99347489
POST00004851,9.564844859
POST00004852,10.17831224
POST00004853,10.01286123
POST00004854,10.19600138
POST00004855,7.099042644
POST00004856,11.00949622
POST00004857,9.410722666
POST00004858,8.403151266
POST00004859,9.985792295
POST00004860,10.41170967
POST00004861,9.491966714
POST00004862,8.581753033
POST00004863,8.251547515
POST00004864,6.258854046
POST00004865,9.01227016
POST00004866,10.98714634
POST00004867,10.71033037
POST00004868,6.99377944
POST00004869,6.70305869
POST00004870,11.00716662
POST00004871,10.59311522
POST00004872,7.078295482
POST00004873,9.89937597
POST00004874,2.40046406
POST00004875,9.69273472
POST00004876,10.51517892
POST00004877,9.99235497
POST00004878,10.99250746
POST00004879,11.00572644
POST00004880,9.839438292
POST00004881,10.0789865
POST00004882,10.42072338
POST00004883,9.98552266
POST00004884,10.50411673
POST00004885,9.898051073
POST00004886,10.42932253
POST00004887,5.50059375
POST00004888,11.99251273
POST00004889,9.6049093
POST00004890,11.89064107
POST00004891,9.018604739
POST00004892,9.98623898
POST00004893,10.54859156
POST00004894,10.29288433
POST00004895,3.49345511
POST00004896,10.54535939
POST00004897,9.753336651
POST00004898,10.80303872
POST00004899,11.01424921
POST00004900,11.20398064
POST00004901,9.347875625
POST00004902,10.314218
POST00004903,10.24063679
POST00004904,10.10869126
POST00004905,9.643597776
POST00004906,10.34889269
POST00004907,8.369393586
POST00004908,11.00417294
POST00004909,10.59537542
POST00004910,10.58174652
POST00004911,6.69881481
POST00004912,9.643546367
POST00004913,5.09482674
POST00004914,10.12934328
POST00004915,8.893450924
POST00004916,9.655315508
POST00004917,9.651448496
POST00004918,8.276954789
POST00004919,9.70527966
POST00004920,9.012823188
POST00004921,10.43846449
POST00004922,5.48571876
POST00004923,10.68864702
POST00004924,9.00860269
POST00004925,5.49099857
POST00004926,9.974235483
POST00004927,11.99588389
POST00004928,9.32906918
POST00004929,10.69852788
POST00004930,4.11023996
POST00004931,8.832884398
POST00004932,10.51467944
POST00004933,10.61329774
POST00004934,9.135594569
POST00004935,11.50174338
POST00004936,9.80775583
POST00004937,10.73669802
POST00004938,10.65091666
POST00004939,10.99394613
POST00004940,9.314346834
POST00004941,10.60610505
POST00004942,10.30855823
POST00004943,9.61113565
POST00004944,10.39577106
POST00004945,9.575907573
POST00004946,9.99320748
POST00004947,10.75354084
POST00004948,11.5050735
POST00004949,10.12429529
POST00004950,10.70436096
POST00004951,9.857177306
POST00004952,7.114591996
POST00004953,4.19546465
POST00004954,12.01318868
POST00004955,9.44993801
POST00004956,10.03425226
POST00004957,2.20961402
POST00004958,9.640923699
POST00004959,8.836976604
POST00004960,9.190355725
POST00004961,4.20363909
POST00004962,9.685841801
POST00004963,2.09357271
POST00004964,9.853965293
POST00004965,9.766028628
POST00004966,8.551494658
POST00004967,9.592728683
POST00004968,9.551344082
POST00004969,9.724531439
POST00004970,10.57820089
POST00004971,2.0108628
POST00004972,10.0278897
POST00004973,6.60374541
POST00004974,9.693377399
POST00004975,11.01208891
POST00004976,8.720464276
POST00004977,7.29517413
POST00004978,11.49332364
POST00004979,9.832903884
POST00004980,5.79926317
POST00004981,6.59000362
POST00004982,10.30349811
POST00004983,10.11525725
POST00004984,10.6814689
POST00004985,9.665706503
POST00004986,6.692413141
POST00004987,10.05697399
POST00004988,10.38968873
POST00004989,9.896146978
POST00004990,11.98907757
POST00004991,9.80154312
POST00004992,9.59375031
POST00004993,9.466061341
POST00004994,10.0116373
POST00004995,10.58719403
POST00004996,10.4086471
POST00004997,8.59835071
POST00004998,9.902927844
POST00004999,9.00246057
POST00005000,10.23804
POST00005001,9.746954726
POST00005002,10.46539499
POST00005003,6.98672905
POST00005004,8.60534622
POST00005005,10.23064025
POST00005006,10.69600743
POST00005007,10.56942193
POST00005008,6.59049248
POST00005009,10.56916698
POST00005010,9.98725802
POST00005011,10.51347215
POST00005012,9.384893464
POST00005013,9.64641765
POST00005014,3.31193149
POST00005015,6.50518798
POST00005016,10.7086146
POST00005017,8.64020475
POST00005018,9.530270378
POST00005019,10.50900165
POST00005020,10.55381063
POST00005021,9.840505181
POST00005022,9.571054176
POST00005023,8.25345789
POST00005024,10.493234
POST00005025,9.586866759
POST00005026,10.54850242
POST00005027,10.18826516
POST00005028,9.99897965
POST00005029,9.584064676
POST00005030,2.18691018
POST00005031,8.757334699
POST00005032,9.739149628
POST00005033,8.55253473
POST00005034,2.39496021
POST00005035,10.49421917
POST00005036,10.18851386
POST00005037,10.30888643
POST00005038,10.79263107
POST00005039,5.11232039
POST00005040,10.2490213
POST00005041,6.997113065
POST00005042,8.30974335
POST00005043,9.972350567
POST00005044,9.733265267
POST00005045,10.54708296
POST00005046,9.60379216
POST00005047,9.69886481
POST00005048,9.939977331
POST00005049,8.901011218
POST00005050,10.6872964
POST00005051,6.651537482
POST00005052,11.0115633
POST00005053,9.704282867
POST00005054,11.00990913
POST00005055,9.00912097
POST00005056,4.31312908
POST00005057,7.59145429
POST00005058,10.48149832
POST00005059,9.23673653
POST00005060,9.285155952
POST00005061,8.19204883
POST00005062,10.52904387
POST00005063,8.0113179
POST00005064,10.36997319
POST00005065,10.29940875
POST00005066,10.41951567
POST00005067,9.65449049
POST00005068,7.20416463
POST00005069,10.51351393
POST00005070,9.488542622
POST00005071,7.814717564
POST00005072,9.832726355
POST00005073,9.108836774
POST00005074,8.859869411
POST00005075,10.13752411
POST00005076,11.0099895
POST00005077,9.050894547
POST00005078,9.901120062
POST00005079,9.58895573
POST00005080,10.51269388
POST00005081,10.37235805
POST00005082,10.71107057
POST00005083,10.59486469
POST00005084,9.600649253
POST00005085,10.41949373
POST00005086,9.47443139
POST00005087,10.79501642
POST00005088,9.550909432
POST00005089,10.48639133
POST00005090,9.158931337
POST00005091,9.988296725
POST00005092,10.9878892
POST00005093,9.99362642
POST00005094,11.01251818
POST00005095,9.176694066
POST00005096,9.466857338
POST00005097,9.120779211
POST00005098,11.00463247
POST00005099,9.59027957
POST00005100,10.55689699
POST00005101,10.00656502
POST00005102,8.255767887
POST00005103,4.50512509
POST00005104,5.69834592
POST00005105,8.29097543
POST00005106,8.90602047
POST00005107,10.01152395
POST00005108,10.44815061
POST00005109,8.799448085
POST00005110,9.760659613
POST00005111,8.703756924
POST00005112,9.405641924
POST00005113,9.976457483
POST00005114,8.492043072
POST00005115,10.212327
POST00005116,9.61231209
POST00005117,8.29581382
POST00005118,11.49831111
POST00005119,9.759375358
POST00005120,10.27342687
POST00005121,7.462383079
POST00005122,9.618552661
POST00005123,10.50863751
POST00005124,9.458318304
POST00005125,10.28535245
POST00005126,7.293230043
POST00005127,10.16801592
POST00005128,8.589494778
POST00005129,10.15032469
POST00005130,8.356564532
POST00005131,9.01298949
POST00005132,10.55494046
POST00005133,9.93661307
POST00005134,6.5852377
POST00005135,10.98535157
POST00005136,6.71029852
POST00005137,10.29049528
POST00005138,10.54170775
POST00005139,6.75
POST00005140,9.76389082
POST00005141,9.10386615
POST00005142,10.08677703
POST00005143,5.99046831
POST00005144,10.00675049
POST00005145,9.765404679
POST00005146,6.59933273
POST00005147,10.00571307
POST00005148,10.81482494
POST00005149,10.0527784
POST00005150,2.4089512
POST00005151,10.2409394
POST00005152,10.31188156
POST00005153,9.99138974
POST00005154,8.576981055
POST00005155,11.90929706
POST00005156,2.90285209
POST00005157,8.986471262
POST00005158,9.961896455
POST00005159,3.30338242
POST00005160,6.50325268
POST00005161,10.98658675
POST00005162,10.16345396
POST00005163,10.3057189
POST00005164,9.341513425
POST00005165,10.4785908
POST00005166,10.37914265
POST00005167,10.18632358
POST00005168,10.43818814
POST00005169,10.59359919
POST00005170,10.52759644
POST00005171,10.12380303
POST00005172,9.505436214
POST00005173,9.50202053
POST00005174,10.70929571
POST00005175,10.6097379
POST00005176,8.984064937
POST00005177,10.99597543
POST00005178,10.39185708
POST00005179,10.99029399
POST00005180,10.47195034
POST00005181,8.290795225
POST00005182,9.59143835
POST00005183,10.99599374
POST00005184,6.01456918
POST00005185,8.7868765
POST00005186,10.01270813
POST00005187,9.698553341
POST00005188,9.838455572
POST00005189,10.79487054
POST00005190,10.0976546
POST00005191,10.54392315
POST00005192,9.172142192
POST00005193,10.50504273
POST00005194,10.30183836
POST00005195,10.01494919
POST00005196,10.5570482
POST00005197,9.869319177
POST00005198,10.98824902
POST00005199,8.849468133
POST00005200,9.55252937
POST00005201,10.24460373
POST00005202,11.98930893
POST00005203,8.2587654
POST00005204,3.30878971
POST00005205,9.349045087
POST00005206,10.05063017
POST00005207,10.98676826
POST00005208,10.30314405
POST00005209,7.779772649
POST00005210,3.31037761
POST00005211,9.99814726
POST00005212,9.285502752
POST00005213,10.00307913
POST00005214,6.50975322
POST00005215,6.8038563
POST00005216,10.29105709
POST00005217,10.59664161
POST00005218,10.56489481
POST00005219,10.03915672
POST00005220,9.471211517
POST00005221,10.42980623
POST00005222,6.04980239
POST00005223,10.99291623
POST00005224,9.799477065
POST00005225,9.007458992
POST00005226,4.6949176
POST00005227,11.0033588
POST00005228,6.58507771
POST00005229,9.99594792
POST00005230,10.99573525
POST00005231,9.659512715
POST00005232,9.223192143
POST00005233,10.5360298
POST00005234,9.133508187
POST00005235,9.767887978
POST00005236,10.50803509
POST00005237,11.00374758
POST00005238,10.15483374
POST00005239,10.4133482
POST00005240,9.651961931
POST00005241,9.694378122
POST00005242,10.08889119
POST00005243,11.00090408
POST00005244,9.888542575
POST00005245,9.626551497
POST00005246,8.893647743
POST00005247,10.51351238
POST00005248,10.06374763
POST00005249,10.04326465
POST00005250,10.30177429
POST00005251,10.4030478
POST00005252,9.679734
POST00005253,9.548084758
POST00005254,6.881343666
POST00005255,12.00059242
POST00005256,10.00886044
POST00005257,7.29374578
POST00005258,9.256469835
POST00005259,7.301868531
POST00005260,6.99599682
POST00005261,2.70037777
POST00005262,10.69921918
POST00005263,2.0944893
POST00005264,10.59124907
POST00005265,6.24119928
POST00005266,10.09371404
POST00005267,6.01170235
POST00005268,10.70417516
POST00005269,9.773890106
POST00005270,9.99701931
POST00005271,10.98588094
POST00005272,10.03426077
POST00005273,9.697007411
POST00005274,10.14634632
POST00005275,2.90737021
POST00005276,10.04044097
POST00005277,8.823468765
POST00005278,2.99177625
POST00005279,9.941287227
POST00005280,10.01358866
POST00005281,9.98510995
POST00005282,8.796632001
POST00005283,10.4877799
POST00005284,9.737106503
POST00005285,9.326870006
POST00005286,9.61176932
POST00005287,4.40435403
POST00005288,6.758304872
POST00005289,5.09225279
POST00005290,9.58985511
POST00005291,10.05537623
POST00005292,10.00587906
POST00005293,4.51304947
POST00005294,11.90729894
POST00005295,10.99175648
POST00005296,10.50069604
POST00005297,9.796537819
POST00005298,9.993585012
POST00005299,9.69281384
POST00005300,10.00166031
POST00005301,10.50200288
POST00005302,10.69475681
POST00005303,3.29323687
POST00005304,10.51463471
POST00005305,10.09104584
POST00005306,10.72489206
POST00005307,9.818892232
POST00005308,10.23651287
POST00005309,10.38970914
POST00005310,9.98789393
POST00005311,10.5841561
POST00005312,8.985435921
POST00005313,4.48874636
POST00005314,9.3910009
POST00005315,10.18885057
POST00005316,7.182145449
POST00005317,9.513504246
POST00005318,9.259686114
POST00005319,7.398433161
POST00005320,10.27617548
POST00005321,8.905214319
POST00005322,9.339594883
POST00005323,9.7107695
POST00005324,9.870887708
POST00005325,9.445823031
POST00005326,9.47092782
POST00005327,8.456378
POST00005328,9.387102797
POST00005329,8.9778728
POST00005330,10.74976921
POST00005331,10.186528
POST00005332,8.414574453
POST00005333,9.38670452
POST00005334,9.41476087
POST00005335,10.40428762
POST00005336,11.00662095
POST00005337,7.2558751
POST00005338,8.673087335
POST00005339,10.16787786
POST00005340,10.69501378
POST00005341,10.49583205
POST00005342,9.985040281
POST00005343,6.743315857
POST00005344,10.74820269
POST00005345,9.89304724
POST00005346,10.13982841
POST00005347,10.65823478
POST00005348,10.37652809
POST00005349,10.59203533
POST00005350,9.897559695
POST00005351,9.682359258
POST00005352,10.48666017
POST00005353,10.00537106
POST00005354,9.664419897
POST00005355,9.758190175
POST00005356,10.17175215
POST00005357,10.57950774
POST00005358,9.833582909
POST00005359,6.30707115
POST00005360,8.936334542
POST00005361,9.573330134
POST00005362,10.15287
POST00005363,10.69058845
POST00005364,9.99897867
POST00005365,9.564107153
POST00005366,10.69629563
POST00005367,9.87331417
POST00005368,9.678477868
POST00005369,10.12037595
POST00005370,9.61315012
POST00005371,6.075019915
POST00005372,5.091308
POST00005373,9.194166497
POST00005374,8.286982794
POST00005375,9.449919487
POST00005376,10.68524841
POST00005377,10.72980073
POST00005378,10.19821805
POST00005379,6.61003578
POST00005380,9.326620031
POST00005381,8.834061457
POST00005382,10.31136733
POST00005383,10.11247064
POST00005384,10.17853757
POST00005385,9.922367482
POST00005386,10.38902255
POST00005387,8.473991119
POST00005388,7.00351613
POST00005389,9.940874252
POST00005390,10.59610638
POST00005391,8.071676734
POST00005392,9.618508446
POST00005393,10.03923671
POST00005394,9.523602709
POST00005395,9.244660261
POST00005396,5.61155464
POST00005397,9.88716017
POST00005398,9.59938566
POST00005399,9.317288707
POST00005400,10.07931435
POST00005401,9.585544157
POST00005402,7.118887888
POST00005403,9.358222876
POST00005404,6.21389684
POST00005405,8.582866242
POST00005406,8.928472377
POST00005407,10.30975642
POST00005408,10.18531967
POST00005409,9.43935002
POST00005410,10.01566312
POST00005411,9.600968974
POST00005412,10.7475704
POST00005413,9.39904238
POST00005414,9.712549542
POST00005415,10.20884515
POST00005416,9.79892203
POST00005417,10.32957371
POST00005418,8.29987859
POST00005419,9.747009958
POST00005420,9.68844482
POST00005421,10.31397362
POST00005422,10.38862698
POST00005423,9.54107162
POST00005424,6.895873424
POST00005425,8.25675657
POST00005426,10.71000975
POST00005427,10.58889739
POST00005428,4.98847063
POST00005429,9.677046999
POST00005430,9.181448733
POST00005431,10.62933188
POST00005432,7.059967726
POST00005433,9.665434076
POST00005434,10.08859121
POST00005435,9.548374785
POST00005436,11.0121037
POST00005437,9.906592788
POST00005438,8.512093777
POST00005439,8.840694474
POST00005440,10.29767895
POST00005441,9.126530503
POST00005442,10.30460249
POST00005443,9.825974545
POST00005444,10.14872591
POST00005445,8.6567861
POST00005446,10.60918155
POST00005447,9.385998979
POST00005448,10.60999968
POST00005449,9.367950631
POST00005450,11.00427067
POST00005451,6.70542413
POST00005452,9.594975292
POST00005453,9.026862011
POST00005454,9.851684366
POST00005455,10.39149013
POST00005456,7.98720309
POST00005457,10.29232111
POST00005458,9.145873942
POST00005459,4.59368939
POST00005460,8.576260183
POST00005461,5.09829305
POST00005462,10.22709527
POST00005463,9.913147571
POST00005464,9.758560561
POST00005465,10.49702473
POST00005466,4.38512639
POST00005467,9.59080166
POST00005468,8.531739556
POST00005469,10.02464684
POST00005470,9.401791341
POST00005471,9.918869742
POST00005472,7.5988643
POST00005473,10.99694472
POST00005474,7.98722048
POST00005475,9.401537992
POST00005476,6.243415857
POST00005477,4.20638743
POST00005478,11.9979442
POST00005479,10.21013571
POST00005480,9.360241913
POST00005481,9.3907021
POST00005482,9.99038187
POST00005483,10.05190466
POST00005484,9.098056939
POST00005485,10.49131119
POST00005486,9.65495948
POST00005487,9.69591698
POST00005488,10.41440152
POST00005489,10.10469681
POST00005490,9.80522235
POST00005491,11.00678443
POST00005492,9.845609054
POST00005493,9.684447613
POST00005494,9.348769915
POST00005495,10.4984911
POST00005496,11.5097552
POST00005497,9.484034503
POST00005498,9.993407051
POST00005499,10.13661232
POST00005500,10.7438896
POST00005501,9.289304254
POST00005502,9.99534001
POST00005503,10.25451775
POST00005504,12.01427942
POST00005505,9.668677249
POST00005506,9.99103022
POST00005507,11.01371553
POST00005508,9.222078734
POST00005509,8.684020088
POST00005510,6.193333635
POST00005511,10.22991365
POST00005512,9.511788424
POST00005513,12.01032021
POST00005514,6.5022278
POST00005515,1.99340622
POST00005516,9.193600109
POST00005517,9.717471947
POST00005518,9.214064769
POST00005519,11.28862952
POST00005520,7.762980893
POST00005521,6.822340933
POST00005522,9.924886945
POST00005523,10.01396826
POST00005524,10.61659218
POST00005525,10.24408002
POST00005526,11.48903949
POST00005527,8.59013277
POST00005528,10.00234678
POST00005529,10.35938754
POST00005530,10.38523131
POST00005531,4.10619412
POST00005532,10.81110376
POST00005533,8.308226282
POST00005534,4.11317042
POST00005535,9.866228045
POST00005536,9.69269918
POST00005537,10.41279145
POST00005538,11.00045909
POST00005539,6.99377671
POST00005540,9.218347113
POST00005541,9.103861532
POST00005542,10.53765255
POST00005543,1.56930645
POST00005544,1.49234557
POST00005545,8.01061076
POST00005546,10.70283962
POST00005547,10.99632793
POST00005548,10.58611793
POST00005549,10.99633569
POST00005550,9.69072203
POST00005551,9.519373688
POST00005552,10.9906601
POST00005553,10.19926829
POST00005554,10.08722146
POST00005555,6.20522629
POST00005556,8.532331725
POST00005557,10.78700744
POST00005558,9.71098665
POST00005559,10.51740895
POST00005560,8.87654645
POST00005561,10.15319076
POST00005562,10.30865343
POST00005563,7.00223241
POST00005564,9.35121371
POST00005565,9.587371485
POST00005566,10.79874561
POST00005567,10.18369996
POST00005568,10.59936084
POST00005569,8.880525682
POST00005570,8.37641044
POST00005571,9.651841934
POST00005572,10.0525674
POST00005573,9.6519748
POST00005574,8.85018852
POST00005575,11.87112466
POST00005576,9.00333406
POST00005577,9.952438792
POST00005578,10.18405111
POST00005579,9.26590206
POST00005580,10.6825037
POST00005581,10.19383706
POST00005582,10.36602507
POST00005583,9.563447943
POST00005584,10.00293225
POST00005585,5.60699779
POST00005586,9.707257248
POST00005587,8.7452894
POST00005588,6.40484686
POST00005589,6.71261661
POST00005590,10.11921868
POST00005591,10.68544127
POST00005592,9.780122117
POST00005593,6.355239672
POST00005594,11.01103617
POST00005595,5.0885129
POST00005596,8.669751133
POST00005597,13.48529674
POST00005598,10.41146685
POST00005599,10.18968746
POST00005600,7.98969316
POST00005601,9.03437384
POST00005602,10.98568229
POST00005603,10.21992863
POST00005604,10.61757593
POST00005605,9.868486948
POST00005606,10.45600756
POST00005607,11.00793008
POST00005608,9.027461546
POST00005609,8.548476516
POST00005610,10.018786
POST00005611,8.800215005
POST00005612,10.63942858
POST00005613,10.5846604
POST00005614,6.448061885
POST00005615,10.62685915
POST00005616,9.71254202
POST00005617,6.202227704
POST00005618,10.2864999
POST00005619,9.855255761
POST00005620,10.09626279
POST00005621,10.68407319
POST00005622,8.476633315
POST00005623,8.7564878
POST00005624,10.67329518
POST00005625,7.183682453
POST00005626,10.49422108
POST00005627,9.644353665
POST00005628,10.00558276
POST00005629,9.745338198
POST00005630,10.2714467
POST00005631,8.464996161
POST00005632,10.69576884
POST00005633,9.707886306
POST00005634,6.826793138
POST00005635,10.99005488
POST00005636,9.108538646
POST00005637,7.59463447
POST00005638,8.800730825
POST00005639,9.883932345
POST00005640,8.570963985
POST00005641,10.98734292
POST00005642,10.99144229
POST00005643,10.62515859
POST00005644,10.89468787
POST00005645,10.50466502
POST00005646,11.49304728
POST00005647,10.69177592
POST00005648,10.07931276
POST00005649,10.05192667
POST00005650,9.249571655
POST00005651,10.18048017
POST00005652,9.190244849
POST00005653,10.69008746
POST00005654,10.67683155
POST00005655,9.292114057
POST00005656,10.07203432
POST00005657,11.50657973
POST00005658,1.99466715
POST00005659,9.691258188
POST00005660,8.958004204
POST00005661,8.888881251
POST00005662,10.51838927
POST00005663,9.015988359
POST00005664,9.58861617
POST00005665,8.99698392
POST00005666,9.707730381
POST00005667,6.78598069
POST00005668,8.01124426
POST00005669,10.54791233
POST00005670,4.19794202
POST00005671,6.30089451
POST00005672,10.09630202
POST00005673,10.57532738
POST00005674,9.517988167
POST00005675,9.40959852
POST00005676,10.00532139
POST00005677,6.71497454
POST00005678,10.17353285
POST00005679,11.00226096
POST00005680,10.51165388
POST00005681,6.59448841
POST00005682,10.05752102
POST00005683,9.654354687
POST00005684,10.99958998
POST00005685,10.3092346
POST00005686,9.182133904
POST00005687,10.0935114
POST00005688,10.29780075
POST00005689,10.17319612
POST00005690,9.001917132
POST00005691,10.40735421
POST00005692,9.722578117
POST00005693,8.417857654
POST00005694,8.29771559
POST00005695,1.67643681
POST00005696,6.610944772
POST00005697,9.980323934
POST00005698,11.79228156
POST00005699,10.20479835
POST00005700,10.8068946
POST00005701,10.21826558
POST00005702,9.687675609
POST00005703,9.833052172
POST00005704,10.27347391
POST00005705,9.8856543
POST00005706,9.650547839
POST00005707,6.281249589
POST00005708,10.14628575
POST00005709,9.399378
POST00005710,10.10212322
POST00005711,10.10321646
POST00005712,5.09814801
POST00005713,6.632069537
POST00005714,9.860296715
POST00005715,9.752218388
POST00005716,9.774674055
POST00005717,10.02070401
POST00005718,7.98554674
POST00005719,10.75139113
POST00005720,10.11259849
POST00005721,9.01390932
POST00005722,6.526529167
POST00005723,10.41157022
POST00005724,10.67297212
POST00005725,11.00397369
POST00005726,8.309269666
POST00005727,10.78575868
POST00005728,8.490529141
POST00005729,9.868354534
POST00005730,9.731937933
POST00005731,10.28994918
POST00005732,8.619303779
POST00005733,11.51279694
POST00005734,10.5920638
POST00005735,9.352989792
POST00005736,10.70198791
POST00005737,10.30093329
POST00005738,6.750000039
POST00005739,8.885131018
POST00005740,10.00743535
POST00005741,7.98692992
POST00005742,9.775606536
POST00005743,11.9935857
POST00005744,10.30918435
POST00005745,9.250570204
POST00005746,9.098075499
POST00005747,13.51400407
POST00005748,9.88929921
POST00005749,5.78865319
POST00005750,9.705830242
POST00005751,10.00439492
POST00005752,10.80140982
POST00005753,9.99941584
POST00005754,10.50327435
POST00005755,9.988854083
POST00005756,10.55374216
POST00005757,10.00352988
POST00005758,10.40736504
POST00005759,10.98901132
POST00005760,9.813034271
POST00005761,9.98766756
POST00005762,10.19212076
POST00005763,10.11461846
POST00005764,10.73725475
POST00005765,9.477378445
POST00005766,9.545301034
POST00005767,9.863088976
POST00005768,9.800240761
POST00005769,10.68982545
POST00005770,10.23491108
POST00005771,8.196195268
POST00005772,4.30818129
POST00005773,10.44348447
POST00005774,10.38866059
POST00005775,9.337757055
POST00005776,5.61211362
POST00005777,9.359263527
POST00005778,10.00434459
POST00005779,10.98648746
POST00005780,8.60676665
POST00005781,9.940552659
POST00005782,8.00774051
POST00005783,10.49017885
POST00005784,4.08748507
POST00005785,11.18707767
POST00005786,10.18422443
POST00005787,10.03287065
POST00005788,9.40094036
POST00005789,10.2185635
POST00005790,9.932617261
POST00005791,7.31213836
POST00005792,7.769220938
POST00005793,9.79463058
POST00005794,10.08760012
POST00005795,10.98528596
POST00005796,9.624460171
POST00005797,10.59969698
POST00005798,10.37874097
POST00005799,10.29423161
POST00005800,11.21474899
POST00005801,9.91523339
POST00005802,10.61078409
POST00005803,9.202003527
POST00005804,10.29367146
POST00005805,9.71355599
POST00005806,7.18519906
POST00005807,9.759959939
POST00005808,8.183533229
POST00005809,9.837299143
POST00005810,10.31389939
POST00005811,10.027467
POST00005812,10.50333488
POST00005813,11.51425432
POST00005814,9.576364755
POST00005815,7.99114221
POST00005816,9.748091804
POST00005817,8.759402933
POST00005818,10.25735388
POST00005819,11.0023304
POST00005820,6.99431482
POST00005821,10.98655246
POST00005822,10.20706026
POST00005823,2.00718419
POST00005824,10.41099551
POST00005825,9.786453
POST00005826,9.800974635
POST00005827,9.41081681
POST00005828,6.975738271
POST00005829,10.73595824
POST00005830,10.19102869
POST00005831,11.99954527
POST00005832,10.98823036
POST00005833,10.99909187
POST00005834,9.764386136
POST00005835,9.632335252
POST00005836,10.01318865
POST00005837,9.649867715
POST00005838,8.532122116
POST00005839,10.41974518
POST00005840,9.866762465
POST00005841,6.967541774
POST00005842,10.26028983
POST00005843,10.49756443
POST00005844,6.035825448
POST00005845,10.40278639
POST00005846,8.4867748
POST00005847,8.791416827
POST00005848,9.78704983
POST00005849,10.30441107
POST00005850,10.98576623
POST00005851,9.50231461
POST00005852,10.42206252
POST00005853,10.09130979
POST00005854,10.31410568
POST00005855,9.883438358
POST00005856,9.525996344
POST00005857,7.208011212
POST00005858,9.258458153
POST00005859,10.3968088
POST00005860,2.90062838
POST00005861,10.50847148
POST00005862,10.24711758
POST00005863,7.507556138
POST00005864,9.39039517
POST00005865,10.32854013
POST00005866,10.02740298
POST00005867,10.45262306
POST00005868,6.19824367
POST00005869,10.30018713
POST00005870,7.21351513
POST00005871,10.1976089
POST00005872,10.41377797
POST00005873,8.0023379
POST00005874,8.835368714
POST00005875,10.59729212
POST00005876,10.10312715
POST00005877,8.284360638
POST00005878,10.80812134
POST00005879,9.60320909
POST00005880,9.672686593
POST00005881,8.374598465
POST00005882,10.10292498
POST00005883,10.61535993
POST00005884,10.30798339
POST00005885,10.39824262
POST00005886,10.59039223
POST00005887,10.36470391
POST00005888,11.0099756
POST00005889,9.97327926
POST00005890,9.6113788
POST00005891,10.30500549
POST00005892,6.19210141
POST00005893,9.175616923
POST00005894,9.38685501
POST00005895,10.10251112
POST00005896,11.50510265
POST00005897,8.19235245
POST00005898,9.205994867
POST00005899,10.98962367
POST00005900,9.448221664
POST00005901,9.795519044
POST00005902,10.29197342
POST00005903,6.390901939
POST00005904,10.14649101
POST00005905,6.60647019
POST00005906,9.697098444
POST00005907,10.6420924
POST00005908,10.4944256
POST00005909,9.60173148
POST00005910,9.610168279
POST00005911,9.696248472
POST00005912,10.38909534
POST00005913,10.12129153
POST00005914,9.850596201
POST00005915,10.30524984
POST00005916,10.5746469
POST00005917,10.06602792
POST00005918,10.48962306
POST00005919,9.98601179
POST00005920,8.896426676
POST00005921,10.99131779
POST00005922,10.15259167
POST00005923,9.5950735
POST00005924,9.99154321
POST00005925,6.69958446
POST00005926,9.519368565
POST00005927,4.49841548
POST00005928,8.89417228
POST00005929,9.215399028
POST00005930,9.909484096
POST00005931,8.21416418
POST00005932,9.782030116
POST00005933,10.21627653
POST00005934,6.620725535
POST00005935,10.42904865
POST00005936,9.741288844
POST00005937,10.11311689
POST00005938,10.58223175
POST00005939,9.636607604
POST00005940,10.05437984
POST00005941,5.60410677
POST00005942,10.63980159
POST00005943,9.019306183
POST00005944,9.316586087
POST00005945,10.80108106
POST00005946,6.60539327
POST00005947,10.58663854
POST00005948,9.54136058
POST00005949,8.834468806
POST00005950,9.509966249
POST00005951,10.49173068
POST00005952,10.03898634
POST00005953,10.55680394
POST00005954,7.259299881
POST00005955,10.107865
POST00005956,9.690957103
POST00005957,9.99214425
POST00005958,10.43012103
POST00005959,4.10462877
POST00005960,10.33616928
POST00005961,9.871457697
POST00005962,9.79434048
POST00005963,5.99875209
POST00005964,6.236806253
POST00005965,7.816481524
POST00005966,10.55285978
POST00005967,6.26846001
POST00005968,7.038906377
POST00005969,10.02990051
POST00005970,9.508508809
POST00005971,10.5948247
POST00005972,10.55141705
POST00005973,2.01094068
POST00005974,10.52697229
POST00005975,11.00992663
POST00005976,10.42636493
POST00005977,10.00218946
POST00005978,9.98569121
POST00005979,9.965852346
POST00005980,11.84048054
POST00005981,5.59361153
POST00005982,10.52285615
POST00005983,10.40024748
POST00005984,10.32779239
POST00005985,10.44580763
POST00005986,10.70878622
POST00005987,9.576841857
POST00005988,6.26211454
POST00005989,4.29196865
POST00005990,9.241513683
POST00005991,9.99741303
POST00005992,9.853340375
POST00005993,10.07093623
POST00005994,9.71275753
POST00005995,8.757152674
POST00005996,8.60192867
POST00005997,8.448675
POST00005998,9.419652386
POST00005999,7.18799903
POST00006000,10.70462054
